id,date
1,1353272955
10001,1361096113
20001,1363989557
30001,1367005775
40001,1369332306
50001,1371354267
60001,1373241086
70001,1375210450
80001,1377048730
90001,1378824381
100001,1380463936
110001,1381954137
120001,1383441310
130001,1384804257
140001,1386452823
150001,1387849252
160001,1389408737
170001,1390605208
180001,1391683462
190001,1392700697
200001,1393801692
210001,1394896088
220001,1395578561
230001,1396355030
240001,1397180758
250001,1397921816
260001,1398652317
270001,1399433755
280001,1400211334
290001,1400992125
300001,1401651647
310001,1402262643
320001,1402844154
330001,1403403797
340001,1403973581
350001,1404499904
360001,1405032663
370001,1405618311
380001,1406206537
390001,1406747439
400001,1407286446
410001,1407843174
420001,1408416135
430001,1408969902
440001,1409486038
450001,1410040187
460001,1410705299
470001,1411327466
480001,1411964062
490001,1412624296
500001,1413227490
510001,1413890513
520001,1414512699
530001,1415208719
540001,1415824634
550001,1416493930
560001,1417115580
570001,1417840105
580001,1418538974
590001,1419176780
600001,1419819887
610001,1420377982
620001,1420935811
630001,1421531441
640001,1422131415
650001,1422690153
660001,1423258139
670001,1423781363
680001,1424284014
690001,1424748440
700001,1425305358
710001,1425845248
720001,1426450174
730001,1427040732
740001,1427575341
750001,1428076044
760001,1428548347
770001,1429065199
780001,1429666767
790001,1430268138
800001,1430793571
810001,1431274586
820001,1431774935
830001,1432253292
840001,1432688437
850001,1433185766
860001,1433703765
870001,1434218657
880001,1434727215
890001,1435193786
900001,1435639672
910001,1436185183
920001,1436701543
930001,1437196660
940001,1437685460
950001,1438194876
960001,1438723961
970001,1439243006
980001,1439758881
990001,1440298219
1000001,1440890829
1010001,1441462307
1020001,1442049322
1030001,1442685970
1040001,1443310632
1050001,1443903341
1060001,1444519655
1070001,1445106876
1080001,1445685424
1090001,1446245719
1100001,1446868232
1110001,1447473514
1120001,1448074916
1130001,1448661149
1140001,1449276428
1150001,1449867213
1160001,1450471648
1170001,1450978793
1180001,1451514721
1190001,1452024665
1200001,1452478406
1210001,1453011711
1220001,1453510963
1230001,1453954307
1240001,1454390957
1250001,1454863167
1260001,1455331566
1270001,1455728137
1280001,1456137089
1290001,1456604275
1300001,1457097310
1310001,1457553800
1320001,1458001462
1330001,1458596001
1340001,1459190856
1350001,1459870042
1360001,1460636491
1370001,1461355115
1380001,1462035012
1390001,1462764945
1400001,1463522697
1410001,1464263357
1420001,1465031815
1430001,1465754508
1440001,1466456053
1450001,1467167015
1460001,1467916732
1470001,1468953291
1480001,1469821960
1490001,1470773009
1500001,1471790713
1510001,1472778742
1520001,1473840194
1530001,1474939595
1540001,1476043799
1550001,1477194817
1560001,1478294083
1570001,1479396319
1580001,1480711747
1590001,1481921200
1600001,1483107781
1610001,1484096162
1620001,1485128140
1630001,1486073818
1640001,1486928762
1650001,1487794761
1660001,1488647614
1670001,1489484953
1680001,1490525587
1690001,1491429498
1700001,1492328820
1710001,1493315106
1720001,1494351850
1730001,1495373728
1740001,1496376646
1750001,1497378257
1760001,1498331395
1770001,1499228294
1780001,1500163872
1790001,1501119553
1800001,1502061292
1810001,1503101468
1820001,1504112776
1830001,1505071158
1840001,1506135325
1850001,1507114101
1860001,1508131877
1870001,1509463316
1880001,1510586384
1890001,1511722150
1900001,1512862396
1910001,1513988896
1920001,1515041953
1930001,1515998534
1940001,1517015998
1950001,1517942647
1960001,1518892914
1970001,1519799766
1980001,1520782193
1990001,1521864090
2000001,1523062969
2010001,1524430809
2020001,1525665725
2030001,1526926698
2040001,1528065399
2050001,1529189042
2060001,1530332680
2070001,1531485400
2080001,1532607489
2090001,1533761252
2100001,1534946493
2110001,1536096889
2120001,1537369053
2130001,1538588863
2140001,1539804990
2150001,1541145544
2160001,1542462344
2170001,1543797712
2180001,1545250071
2190001,1546717372
2200001,1548001690
2210001,1549159121
2220001,1550373097
2230001,1551572123
2240001,1552776769
2250001,1553974188
2260001,1555162512
2270001,1556306786
2280001,1557493836
2290001,1558761713
2300001,1559943842
2310001,1561062314
2320001,1562208324
2330001,1563371207
2340001,1564537545
2350001,1565668404
2360001,1566872509
2370001,1568144241
2380001,1569508159
2390001,1570788133
2400001,1572033733
2410001,1573290409
2420001,1574624764
2430001,1576030147
2440001,1577564391
2450001,1578943038
2460001,1580254981
2470001,1581480380
2480001,1582663075
2490001,1583844929
2500001,1584839608
2510001,1585708565
2520001,1586544013
2530001,1587350045
2540001,1588284699
2550001,1589138137
2560001,1590000195
2570001,1590794705
2580001,1591594836
2590001,1592333417
2600001,1593037125
2610001,1593779690
2620001,1594516803
2630001,1595270490
2640001,1596024582
2650001,1596847419
2660001,1597723668
2670001,1598627702
2680001,1599500427
2690001,1600378330
2700001,1601249223
2710001,1602157436
2720001,1603022965
2730001,1603832253
2740001,1604638459
2750001,1605328457
2760001,1606214210
2770001,1607187956
2780001,1608166283
2790001,1609186187
2800001,1610162701
2810001,1611047553
2820001,1611935578
2830001,1612744141
2840001,1613568163
2850001,1614391648
2860001,1615235070
2870001,1616039202
2880001,1617053440
2890001,1617979191
